"barcode_prefix","reason"
"AAAGATGAGTCTCGGC","TRB_MULTI"
"AAAGTAGGTTCTGAAC","TRB_MULTI"
"AACCGCGAGGGCTCTC","TRB_MULTI"
"AACTCAGCAAGTCATC","TRB_MULTI"
"AACTGGTTCGGAGGTA","TRB_MULTI"
"ACTATCTCAAAGGCGT","TRB_MULTI"
"ACTGTCCCAAGTCTAC","TRB_MULTI"
"AGATTGCAGTCGTACT","TRB_MULTI"
"AGCCTAAAGTATGACA","TRB_MULTI"
"AGTAGTCAGCCGTCGT","TRB_MULTI"
"AGTCTTTCACAGAGGT","TRB_MULTI"
"AGTGAGGTCCGAGCCA","TRB_MULTI"
"ATAACGCAGATAGTCA","TRB_MULTI"
"ATAGACCTCGTTACAG","TRB_MULTI"
"ATGAGGGTCGCTTGTC","TRB_MULTI"
"CACACAAGTACGAAAT","TRB_MULTI"
"CATATGGCACTGTTAG","TRB_MULTI"
"CATGGCGTCTTAACCT","TRB_MULTI"
"CCAATCCGTGGAAAGA","TRB_MULTI"
"CCACGGAGTTGAGTTC","TRB_MULTI"
"CCGGGATGTAAGTGGC","TRB_MULTI"
"CCGTGGACAGGACCCT","TRB_MULTI"
"CTACATTAGGCATGGT","TRB_MULTI"
"CTGTGCTAGCTAGTGG","TRB_MULTI"
"CTTAGGAGTGCAGTAG","TRB_MULTI"
"GACAGAGAGGGTGTTG","TRB_MULTI"
"GACGTGCAGGATGGTC","TRB_MULTI"
"GAGTCCGGTTTGACAC","TRB_MULTI"
"GATCGCGTCAGCTGGC","TRB_MULTI"
"GATCTAGAGTAACCCT","TRB_MULTI"
"GGACAGATCAAAGTAG","TRB_MULTI"
"GGACGTCAGGGCTTGA","TRB_MULTI"
"GGCCGATAGGCGCTCT","TRB_MULTI"
"GGCTGGTTCTGGTTCC","TRB_MULTI"
"GTTCGGGTCGGCGCAT","TRB_MULTI"
"TATCTCAAGAAGAAGC","TRB_MULTI"
"TCACAAGTCTATCCTA","TRB_MULTI"
"TTAACTCAGATAGGAG","TRB_MULTI"
"TTTCCTCGTGCCTGGT","TRB_MULTI"
